current_score,target_score,study_time,efficiency,topic_error_rate,predicted_score
79,98,48,5,0.34,82.168
70,80,34,2,0.11,71.2104
69,84,162,3,0.42,74.6376
65,74,109,2,0.11,68.8804
36,99,118,3,0.52,39.3984
38,44,145,3,0.25,44.0
43,72,48,1,0.15,43.816
71,91,35,2,0.13,72.218
42,89,134,3,0.16,48.7536
56,70,147,2,0.55,58.646
67,85,60,2,0.57,68.032
37,54,82,5,0.34,42.412
42,63,121,2,0.12,46.2592
52,91,48,4,0.27,54.803200000000004
46,63,100,5,0.5,51.0
33,66,106,2,0.33,35.8408
70,88,124,3,0.25,75.58
54,64,58,5,0.53,56.726
54,70,119,4,0.15,62.092
61,68,128,1,0.6,62.024
44,87,143,5,0.37,53.009
78,89,130,4,0.12,87.152
35,46,43,4,0.44,36.9264
68,76,108,1,0.53,69.0152
79,92,96,3,0.4,82.456
59,79,88,3,0.54,61.4288
50,62,165,2,0.24,55.016
77,97,117,4,0.28,83.7392
79,97,122,1,0.52,80.1712
79,91,59,5,0.37,82.717
69,81,97,1,0.15,70.649
65,85,103,3,0.51,68.0282
80,86,137,2,0.17,84.5484
62,72,60,5,0.12,67.28
77,82,133,1,0.25,78.995
66,75,37,4,0.21,68.33840000000001
70,77,52,4,0.22,73.2448
51,96,57,3,0.4,53.052
75,96,66,2,0.41,76.5576
76,95,85,5,0.13,83.395
61,98,180,2,0.36,65.608
50,73,115,3,0.36,54.416
51,83,66,2,0.44,52.4784
56,92,141,2,0.22,60.3992
46,93,99,3,0.15,51.049
61,76,78,5,0.37,65.914
64,74,38,2,0.32,65.0336
77,88,132,2,0.56,79.3232
50,78,126,4,0.38,56.2496
77,90,82,5,0.41,81.838
49,95,45,1,0.14,49.774
45,62,74,2,0.35,46.924
47,57,67,2,0.28,48.9296
41,96,118,1,0.59,41.9676
49,65,42,3,0.55,50.134
78,99,36,2,0.55,78.648
69,94,88,2,0.18,71.8864
77,93,173,2,0.12,83.0896
80,95,153,1,0.46,81.6524
62,96,164,2,0.55,64.952
67,79,43,4,0.42,68.9952
79,87,55,2,0.33,80.474
76,82,139,5,0.2,82.0
75,88,98,1,0.21,76.5484
42,83,35,4,0.5,43.4
76,81,92,2,0.5,77.84
32,80,174,3,0.35,38.786
32,53,48,3,0.54,33.3248
69,95,126,5,0.56,74.544
62,71,34,3,0.37,63.2852
57,77,45,4,0.16,60.024
46,64,122,5,0.34,54.052
73,97,40,4,0.11,75.848
75,91,102,1,0.33,76.3668
42,54,98,3,0.3,46.116
48,89,138,3,0.54,51.8088
53,76,69,2,0.56,54.2144
44,86,173,1,0.4,46.076
80,91,74,3,0.23,83.4188
48,53,116,5,0.52,53.0
80,91,56,1,0.5,80.56
66,90,126,5,0.14,76.836
37,100,86,2,0.3,39.408
47,90,48,2,0.38,48.1904
46,68,146,5,0.26,56.804
71,80,157,4,0.48,77.5312
31,48,70,4,0.26,35.144
49,85,57,3,0.45,50.881
33,67,132,2,0.16,37.4352
50,64,72,1,0.18,51.1808
60,85,161,1,0.13,62.8014
67,88,56,3,0.12,69.9568
54,99,121,3,0.46,57.9204
47,76,116,1,0.53,48.0904
70,83,119,5,0.44,76.664
75,93,73,5,0.1,81.57000000000001
56,74,117,5,0.2,65.36
37,75,156,1,0.27,39.2776
62,86,135,1,0.14,64.322
68,97,44,2,0.54,68.8096
79,90,49,5,0.33,82.283
53,81,109,1,0.19,54.7658
59,97,123,5,0.58,64.166
36,74,158,2,0.33,40.2344
68,80,42,3,0.56,69.1088
47,54,53,4,0.52,49.0352
76,87,141,4,0.21,84.91120000000001
65,98,45,5,0.47,67.385
70,81,117,3,0.17,75.8266
37,86,40,3,0.38,38.488
33,53,101,4,0.15,39.868
53,64,180,1,0.59,54.476
70,96,82,3,0.12,74.3296
80,94,122,4,0.53,84.5872
68,93,93,1,0.48,68.9672
30,53,134,5,0.36,38.576
75,80,60,4,0.32,78.264
51,75,175,3,0.55,55.725
40,88,159,2,0.46,43.434400000000004
50,90,131,2,0.46,52.8296
61,78,141,4,0.28,69.1216
36,62,152,1,0.16,38.5536
78,88,50,3,0.57,79.29
63,69,127,3,0.58,66.2004
79,86,154,2,0.38,82.8192
50,63,147,2,0.38,53.6456
41,84,178,2,0.3,45.984
70,79,131,1,0.59,71.0742
44,49,109,4,0.28,49.0
73,83,116,1,0.12,75.0416
64,97,107,5,0.38,70.634
70,88,70,3,0.55,71.89
60,79,91,1,0.3,61.274
53,82,66,5,0.23,58.082
59,91,150,1,0.19,61.43
66,92,43,3,0.31,67.7802
42,76,168,5,0.59,48.888
49,58,95,5,0.32,55.46
48,53,116,1,0.25,49.74
58,85,93,2,0.45,60.046
41,59,115,3,0.16,46.796
63,68,175,2,0.31,67.83
47,52,173,3,0.26,52.0
80,95,174,4,0.46,87.5168
74,81,136,1,0.28,75.9584
68,79,152,4,0.23,77.3632
64,76,40,1,0.43,64.456
78,84,56,1,0.13,78.9744
72,88,84,1,0.27,73.2264
64,78,180,4,0.28,74.368
76,84,51,2,0.28,77.4688
62,100,162,5,0.4,71.72
65,88,154,5,0.56,71.776
39,52,174,5,0.56,46.656
62,93,179,3,0.12,71.4512
33,53,108,5,0.16,42.072
39,49,156,1,0.1,41.808
53,64,147,3,0.43,58.0274
71,82,174,3,0.26,78.7256
31,83,141,1,0.24,33.1432
79,91,58,2,0.37,80.4616
47,62,128,5,0.6,52.120000000000005
36,48,106,5,0.15,45.010000000000005
34,56,101,3,0.4,37.636
53,66,103,5,0.36,59.592
54,71,67,2,0.25,56.01
42,59,140,2,0.32,45.808
54,68,74,3,0.56,55.9536
78,95,86,4,0.2,83.504
33,85,162,5,0.14,46.932
51,91,47,1,0.58,51.394800000000004
65,96,148,3,0.24,71.7488
71,80,140,1,0.24,73.128
40,80,115,3,0.39,44.209
71,86,82,1,0.38,72.0168
52,68,147,5,0.48,59.644
52,96,120,5,0.13,62.44
42,78,113,3,0.19,47.4918
34,60,78,2,0.54,35.4352
53,65,98,3,0.33,56.9396
49,61,124,2,0.32,52.3728
50,66,110,2,0.52,52.112
67,78,87,3,0.23,71.0194
61,81,115,4,0.18,68.544
76,87,95,4,0.47,80.028
39,44,45,1,0.26,39.666
65,72,150,2,0.29,69.26
42,69,101,4,0.24,48.1408
63,91,151,4,0.39,70.36880000000001
52,75,167,3,0.12,60.8176
58,66,176,5,0.37,66.0
40,66,74,4,0.51,42.900800000000004
32,65,121,1,0.2,33.936
51,74,127,3,0.4,55.572
53,92,150,1,0.45,54.65
31,41,137,1,0.44,32.5344
58,98,124,2,0.29,61.5216
65,84,88,4,0.3,69.928
54,88,79,5,0.41,58.661
39,49,128,2,0.21,43.0448
34,82,128,3,0.44,38.3008
76,98,110,4,0.15,83.48
59,87,133,4,0.39,65.4904
31,77,142,3,0.26,37.3048
70,84,39,5,0.47,72.06700000000001
64,91,139,1,0.37,65.7514
68,87,166,5,0.26,80.284
43,63,157,3,0.36,49.028800000000004
74,94,60,5,0.32,78.08
31,92,128,5,0.36,39.192
32,69,129,3,0.26,37.7276
73,78,82,1,0.25,74.23
65,73,49,3,0.33,66.9698
35,48,99,1,0.13,36.7226
49,80,38,2,0.26,50.1248
44,82,72,1,0.6,44.576
72,90,37,1,0.27,72.5402
53,69,55,2,0.18,54.804
58,68,137,5,0.38,66.494
66,94,166,5,0.42,75.628
49,73,130,5,0.57,54.59
65,95,86,1,0.34,66.1352
45,67,171,3,0.43,50.8482
48,56,88,2,0.57,49.5136
75,87,97,3,0.37,78.6666
40,94,30,5,0.38,41.86
43,62,129,2,0.43,45.9412
54,97,110,1,0.48,55.144
30,57,35,3,0.44,31.176000000000002
71,81,159,1,0.28,73.28960000000001
65,100,93,4,0.2,70.952
79,93,158,5,0.34,89.428
66,81,100,2,0.16,69.36
75,90,110,1,0.4,76.32
63,73,125,1,0.58,64.05
35,45,74,1,0.15,36.258
68,73,178,4,0.5,73.0
34,94,172,5,0.6,40.88
44,58,152,5,0.6,50.08
36,99,84,1,0.26,37.2432
54,80,85,3,0.18,58.182
59,92,142,2,0.39,62.4648
61,80,31,2,0.53,61.5828
74,91,159,2,0.47,77.3708
53,70,97,3,0.18,57.7724
61,85,67,1,0.43,61.7638
69,86,102,5,0.53,73.794
55,96,37,4,0.22,57.3088
44,87,50,2,0.55,44.9
41,61,89,4,0.12,47.2656
65,88,158,4,0.18,75.3648
51,85,123,2,0.19,54.9852
64,94,158,5,0.5,71.9
74,98,40,1,0.24,74.608
57,65,176,2,0.39,61.2944
66,90,173,5,0.36,77.072
32,100,143,5,0.53,38.721000000000004
31,61,55,3,0.19,33.673
76,88,43,3,0.38,77.5996
71,89,83,3,0.2,74.984
46,95,98,3,0.56,48.5872
56,90,31,2,0.57,56.5332
76,94,157,3,0.28,82.7824
78,90,155,3,0.22,85.254
45,86,75,4,0.53,47.82
47,73,85,4,0.39,51.148
61,76,52,2,0.56,61.9152
70,77,151,3,0.48,74.7112
63,92,149,3,0.14,70.6884
38,95,175,4,0.26,48.36
79,87,51,2,0.38,80.2648
72,92,73,3,0.56,73.9272
40,99,60,3,0.56,41.584
41,60,75,1,0.33,42.005
60,95,78,3,0.53,62.199600000000004
62,83,39,4,0.38,63.934400000000004
58,74,169,1,0.35,60.197
74,87,60,1,0.51,74.588
42,69,179,2,0.58,45.0072
80,91,151,3,0.37,85.7078
31,91,96,4,0.55,34.456
73,93,147,2,0.2,77.70400000000001
77,95,36,2,0.21,78.1376
71,88,49,1,0.53,71.4606
66,88,105,4,0.38,71.208
70,94,52,1,0.51,70.5096
30,35,51,2,0.11,31.8156
78,95,88,3,0.41,81.1152
39,75,107,5,0.56,43.708
39,68,172,5,0.42,48.976
58,92,77,1,0.52,58.7392
73,80,54,1,0.55,73.486
80,90,79,2,0.36,82.0224
63,79,89,5,0.56,66.916
59,67,72,1,0.35,59.936
59,66,80,2,0.54,60.472
69,76,168,3,0.31,75.9552
45,63,102,5,0.41,51.018
70,99,123,2,0.2,73.936
69,92,67,1,0.24,70.0184
62,81,73,2,0.31,64.0148
58,89,43,3,0.36,59.6512
75,91,175,4,0.12,87.32
71,96,34,3,0.33,72.3668
66,89,159,2,0.4,69.816
79,90,167,2,0.57,81.8724
76,94,102,5,0.56,80.488
76,93,129,1,0.23,77.9866
63,75,36,3,0.12,64.9008
41,54,52,3,0.51,42.5288
45,87,41,4,0.6,46.312
77,92,107,2,0.39,79.6108
69,79,107,2,0.31,71.9532
36,100,30,3,0.58,36.756
65,97,162,4,0.53,71.0912
58,74,172,4,0.54,64.3296
65,73,129,2,0.21,69.0764
33,62,126,1,0.33,34.6884
60,93,32,3,0.6,60.768
38,94,94,2,0.29,40.6696
69,98,169,2,0.1,75.084
34,73,104,5,0.15,42.84
35,75,53,1,0.45,35.583
38,84,160,5,0.45,46.8
70,76,121,3,0.14,76.0
38,71,78,3,0.52,40.2464
69,81,164,3,0.41,74.8056
56,94,46,5,0.48,58.392
68,87,85,3,0.4,71.06
35,83,50,5,0.2,39.0
62,84,174,4,0.48,69.2384
46,58,64,3,0.14,49.3024
73,99,82,3,0.17,77.0836
41,52,141,2,0.5,43.82
34,41,166,1,0.56,35.4608
36,51,111,1,0.15,37.887
67,81,121,5,0.6,71.84
78,93,80,1,0.54,78.736
80,99,84,3,0.58,82.1168
58,98,121,2,0.5,60.42
48,78,33,5,0.23,50.541
78,85,83,2,0.6,79.328
35,54,159,4,0.37,43.0136
72,93,107,5,0.38,78.634
36,47,156,1,0.46,37.6848
69,95,120,2,0.39,71.928
47,59,79,1,0.16,48.3272
65,100,93,5,0.1,73.37
34,66,60,1,0.4,34.72
41,61,176,2,0.18,46.772800000000004
31,95,64,2,0.56,32.1264
57,85,111,5,0.44,63.216
34,88,164,1,0.56,35.4432
79,84,46,4,0.12,82.2384
31,51,63,3,0.37,33.3814
74,80,169,2,0.35,78.394
52,91,124,1,0.58,53.0416
68,81,118,1,0.48,69.2272
40,92,80,2,0.15,42.72
63,70,144,4,0.43,69.5664
75,81,55,4,0.3,78.08
72,77,56,3,0.41,73.9824
74,93,147,3,0.28,80.3504
43,55,134,2,0.25,47.02
45,86,132,3,0.43,49.5144
76,90,171,2,0.35,80.446
46,99,86,3,0.24,49.9216
35,87,109,3,0.55,37.943
69,90,50,2,0.32,70.36
53,93,164,5,0.25,65.3
46,99,106,5,0.44,51.936
71,91,93,2,0.55,72.674
38,84,36,1,0.41,38.4248
72,90,84,2,0.52,73.6128
30,68,79,1,0.5,30.79
58,69,109,1,0.47,59.1554
64,100,82,1,0.43,64.9348
80,100,171,1,0.39,82.0862
34,84,168,3,0.37,40.3504
35,72,51,4,0.45,37.244
45,57,170,2,0.33,49.556
59,66,51,5,0.34,62.366
39,50,156,1,0.3,41.184
80,88,104,3,0.26,84.6176
64,86,132,2,0.12,68.6464
80,86,42,1,0.31,80.5796
56,89,163,3,0.53,60.5966
56,89,82,2,0.47,57.7384
67,76,47,4,0.27,69.7448
43,81,85,5,0.58,46.57
57,75,120,2,0.46,59.592
60,74,47,2,0.51,60.9212
77,82,150,2,0.44,80.36
53,99,50,1,0.39,53.61
80,90,147,4,0.46,86.35040000000001
33,50,95,4,0.47,37.028
61,80,165,1,0.24,63.508
52,64,37,5,0.23,54.849000000000004
54,68,159,4,0.4,61.632
40,78,171,3,0.22,48.0028
32,83,175,1,0.38,34.17
78,99,41,1,0.58,78.3444
58,69,116,4,0.4,63.568
30,41,155,2,0.49,33.162
52,61,103,4,0.51,56.0376
76,90,100,1,0.56,76.88
76,87,86,3,0.46,78.7864
41,59,134,5,0.25,51.05
50,97,52,2,0.37,51.3104
77,96,74,3,0.57,78.9092
48,88,93,1,0.44,49.0416
72,84,176,5,0.37,83.088
71,93,52,4,0.51,73.0384
40,57,79,4,0.57,42.7176
54,80,115,5,0.26,62.51
58,95,125,3,0.54,61.45
58,83,172,5,0.59,65.052
66,89,144,4,0.59,70.7232
30,97,109,4,0.39,35.3192
38,68,55,1,0.47,38.583
43,54,138,1,0.15,45.346000000000004
39,54,160,4,0.58,44.376000000000005
43,62,156,1,0.5,44.56
31,57,48,5,0.37,34.024
39,79,115,5,0.36,46.36
67,87,150,4,0.19,76.72
76,88,92,1,0.54,76.8464
55,81,176,5,0.14,70.136
35,42,90,1,0.12,36.584
68,99,61,2,0.17,70.0252
71,77,83,3,0.18,75.0836
75,83,33,5,0.23,77.541
66,100,118,5,0.12,76.384
30,61,83,5,0.23,36.391
36,80,107,4,0.47,40.5368
38,87,78,3,0.43,40.6676
75,97,130,5,0.1,86.7
68,99,122,4,0.22,75.61280000000001
73,93,127,1,0.49,74.2954
37,100,140,4,0.25,45.4
47,68,82,1,0.13,48.4268
46,93,56,3,0.31,48.3184
33,67,134,2,0.42,36.1088
30,79,66,5,0.31,34.554
73,95,50,5,0.52,75.4
32,75,146,1,0.17,34.4236
39,47,105,2,0.19,42.402
57,68,100,2,0.34,59.64
31,38,68,1,0.22,32.0608
79,100,180,1,0.3,81.52
71,79,146,4,0.5,76.84
61,89,155,2,0.37,64.906
74,92,148,1,0.11,76.6344
74,83,42,2,0.34,75.1088
40,95,140,5,0.44,47.84
61,92,168,4,0.26,70.9456
50,75,73,3,0.52,52.1024
62,87,107,5,0.56,66.708
78,89,135,1,0.24,80.052
59,69,171,5,0.39,69.0
52,70,125,4,0.43,57.7
38,98,111,4,0.22,44.9264
40,49,107,5,0.47,45.671
64,80,153,1,0.23,66.3562
58,75,111,3,0.31,62.5954
48,67,46,2,0.11,49.6376
68,83,49,2,0.38,69.2152
35,82,100,2,0.16,38.36
80,92,155,2,0.47,83.286
34,88,108,5,0.55,38.86
68,92,122,3,0.33,72.9044
72,85,157,2,0.2,77.024
44,72,106,5,0.12,53.328
73,96,70,4,0.35,76.64
38,87,177,1,0.36,40.2656
45,99,85,2,0.25,47.55
46,80,40,5,0.5,48.0
66,76,44,5,0.17,69.652
79,94,34,2,0.53,79.6392
79,96,132,1,0.43,80.5048
62,83,94,5,0.36,68.016
63,88,128,5,0.17,73.624
52,65,127,3,0.56,55.3528
50,84,146,5,0.15,62.41
77,97,71,4,0.36,80.6352
62,70,99,2,0.46,64.1384
32,76,169,2,0.45,35.718
70,77,68,1,0.34,70.8976
44,51,110,4,0.34,49.808
75,89,85,3,0.49,77.601
66,91,134,5,0.32,75.112
77,89,141,1,0.2,79.256
36,74,81,1,0.58,36.6804
52,100,143,3,0.32,57.8344
62,72,178,1,0.27,64.5988
36,92,168,1,0.34,38.2176
44,79,31,3,0.23,45.4322
31,90,30,2,0.34,31.792
74,85,81,3,0.47,76.5758
78,84,147,2,0.27,82.2924
32,46,91,2,0.51,33.7836
68,74,48,2,0.44,69.0752
54,88,77,5,0.56,57.388
30,61,146,3,0.15,37.446
51,62,49,2,0.19,52.5876
59,69,72,2,0.24,61.1888
55,80,134,3,0.38,59.9848
53,96,71,3,0.28,56.0672
76,83,170,5,0.17,83.0
52,74,110,4,0.4,57.28
51,98,50,1,0.45,51.55
71,92,46,4,0.25,73.76
43,96,83,5,0.12,50.304
38,49,47,1,0.57,38.4042
57,77,125,5,0.39,64.625
79,99,138,1,0.34,80.8216
72,82,129,5,0.57,77.547
46,97,94,1,0.2,47.504
52,79,35,4,0.31,53.932
65,72,83,4,0.51,68.2536
46,64,148,3,0.23,52.8376
41,71,133,4,0.51,46.2136
66,88,84,3,0.51,68.4696
61,97,46,2,0.33,62.2328
30,36,103,2,0.42,32.3896
78,87,134,3,0.2,84.432
40,53,153,5,0.52,47.344
48,69,141,3,0.26,54.260400000000004
31,80,107,5,0.51,36.243
70,89,134,3,0.45,74.422
66,91,57,4,0.34,69.0096
61,93,73,1,0.38,61.9052
64,80,162,2,0.47,67.4344
32,64,138,5,0.26,42.212
61,68,141,1,0.58,62.184400000000004
75,84,53,3,0.21,77.5122
40,79,134,5,0.29,49.513999999999996
78,87,137,2,0.4,81.288
34,78,74,1,0.16,35.2432
41,51,116,1,0.39,42.4152
55,76,143,1,0.23,57.2022
42,73,49,1,0.43,42.5586
30,78,103,4,0.26,36.0976
32,55,38,1,0.2,32.608
38,92,115,3,0.38,42.278
50,72,60,5,0.27,54.38
70,91,86,3,0.34,73.40559999999999
64,98,57,3,0.58,65.4364
50,80,36,1,0.41,50.4248
43,69,141,4,0.25,51.46
45,82,148,3,0.44,49.9728
77,90,62,2,0.37,78.5624
40,66,179,1,0.19,42.8998
53,83,43,4,0.22,55.6832
65,92,180,2,0.41,69.248
33,48,145,3,0.47,37.611
61,86,148,5,0.48,68.696
56,68,54,4,0.28,59.1104
55,89,72,5,0.55,58.24
61,95,171,5,0.2,74.68
43,84,78,1,0.42,43.9048
78,99,171,5,0.19,91.851
62,76,95,1,0.38,63.178
34,40,84,5,0.35,39.46
54,94,95,2,0.48,55.976
60,97,32,4,0.15,62.176
40,88,98,4,0.55,43.528
65,99,79,1,0.49,65.8058
45,83,63,3,0.59,46.5498
35,86,117,4,0.14,43.0496
75,100,82,2,0.48,76.7056
42,95,84,5,0.37,47.292
58,79,76,5,0.19,64.156
41,67,155,3,0.25,47.975
62,86,33,3,0.28,63.4256
47,78,80,5,0.33,52.36
58,78,123,2,0.16,62.1328
48,63,41,4,0.42,49.9024
42,67,85,5,0.19,48.885
73,88,86,4,0.11,79.1232
41,65,102,1,0.44,42.1424
65,73,148,1,0.21,67.33840000000001
76,91,98,2,0.15,79.332
45,55,179,2,0.58,48.0072
54,76,35,2,0.59,54.574
80,90,30,2,0.25,80.9
36,84,163,2,0.17,41.4116
71,84,152,4,0.22,80.4848
49,82,59,2,0.46,50.2744
73,91,78,5,0.44,77.368
45,64,35,1,0.15,45.595
47,77,51,4,0.34,49.6928
55,96,163,3,0.21,62.7262
47,99,167,4,0.37,55.4168
50,86,129,4,0.27,57.5336
64,87,114,5,0.14,73.804
46,69,60,2,0.55,47.08
40,80,45,5,0.38,42.79
51,62,155,3,0.33,57.231
49,56,46,3,0.32,50.8768
35,72,87,1,0.38,36.0788
68,88,87,3,0.44,70.9232
38,84,143,5,0.58,44.006
54,86,157,2,0.28,58.5216
47,76,34,1,0.27,47.4964
55,92,139,4,0.59,59.559200000000004
66,84,80,4,0.19,71.184
39,53,100,4,0.45,43.4
66,77,58,4,0.35,69.016
66,71,176,5,0.27,71.0
38,93,149,3,0.55,42.022999999999996
30,87,45,2,0.49,30.918
64,96,101,1,0.28,65.4544
37,97,56,1,0.29,37.7952
47,96,134,1,0.42,48.5544
43,93,114,2,0.51,45.2344
56,66,154,1,0.12,58.7104
31,92,52,1,0.4,31.624
58,87,94,4,0.6,61.008
46,96,44,1,0.26,46.6512
38,99,88,2,0.43,40.0064
79,98,32,5,0.17,81.656
40,47,162,3,0.34,46.4152
61,96,39,4,0.17,63.5896
71,83,58,1,0.6,71.464
45,68,65,1,0.56,45.572
79,88,115,4,0.19,86.452
75,87,30,5,0.13,77.61
32,47,180,1,0.32,34.448
56,68,140,2,0.56,58.464
66,88,133,2,0.5,68.66
65,70,50,3,0.5,66.5
43,97,143,4,0.45,49.292
60,92,171,2,0.32,64.6512
43,67,158,3,0.24,50.2048
43,55,78,2,0.15,45.652
41,79,95,1,0.22,42.482
68,76,87,3,0.38,71.2364
30,92,119,4,0.49,34.8552
74,92,105,1,0.35,75.365
62,85,53,3,0.1,64.862
39,87,65,2,0.3,40.82
46,55,173,5,0.5,54.65
59,85,104,4,0.39,64.0752
71,96,40,3,0.25,72.8
32,99,54,5,0.44,35.024
31,92,123,1,0.4,32.476
76,89,65,3,0.32,78.652
36,75,88,1,0.57,36.7568
64,84,42,1,0.48,64.4368
78,95,95,2,0.22,80.964
79,90,82,4,0.37,83.1328
77,92,153,2,0.51,79.9988
52,65,168,3,0.58,56.2336
61,99,157,4,0.34,69.28960000000001
67,91,99,1,0.16,68.6632
53,88,147,5,0.31,63.143
35,96,87,5,0.33,40.829
77,95,82,4,0.47,80.4768
72,92,49,4,0.45,74.156
66,98,31,3,0.57,66.7998
45,84,32,2,0.16,46.0752
57,67,127,2,0.18,61.1656
78,95,30,2,0.49,78.612
61,70,104,2,0.16,64.4944
36,98,147,2,0.53,38.7636
75,96,62,2,0.13,77.1576
40,72,110,5,0.18,49.02
56,85,96,2,0.4,58.304
35,45,71,2,0.53,36.3348
52,95,172,1,0.12,55.0272
62,95,74,2,0.21,64.33840000000001
76,84,56,2,0.35,77.456
56,94,109,1,0.56,56.9592
80,93,67,3,0.18,83.2964
49,76,77,3,0.3,52.234
39,82,79,5,0.35,44.135
30,68,121,5,0.49,36.171
33,83,134,3,0.17,39.6732
46,83,51,1,0.56,46.4488
57,67,178,1,0.2,59.848
57,94,142,4,0.19,66.2016
80,97,119,4,0.54,84.3792
40,57,55,1,0.26,40.814
36,95,125,4,0.55,40.5
41,48,95,5,0.45,46.225
55,83,115,5,0.17,64.545
54,96,177,4,0.36,63.0624
61,83,83,5,0.21,67.557
52,81,103,2,0.58,53.7304
66,97,31,2,0.55,66.558
31,51,58,4,0.12,35.0832
52,98,46,3,0.48,53.4352
32,37,112,2,0.41,34.6432
45,95,77,2,0.24,47.3408
71,92,94,1,0.25,72.41
33,61,63,2,0.52,34.2096
31,76,73,3,0.54,33.0148
73,82,64,1,0.21,74.0112
70,77,160,2,0.22,74.992
38,59,77,3,0.39,40.8182
62,73,54,3,0.48,63.6848
68,78,60,1,0.55,68.54
69,76,173,1,0.38,71.1452
77,93,40,5,0.27,79.92
58,86,35,5,0.5,59.75
78,96,78,4,0.32,82.2432
70,93,38,4,0.3,72.128
53,60,152,3,0.27,59.6576
36,45,150,1,0.52,37.44
76,85,72,1,0.38,76.8928
34,89,131,3,0.45,38.323
44,96,158,5,0.39,53.638
49,81,101,4,0.5,53.04
67,95,89,3,0.26,70.9516
55,90,60,5,0.27,59.38
60,81,180,3,0.15,69.18
51,60,146,4,0.38,58.2416
59,75,80,1,0.38,59.992
55,67,31,2,0.2,55.992
74,87,89,5,0.47,78.717
48,68,59,4,0.6,49.888
40,76,83,3,0.5,42.49
30,41,51,1,0.35,30.663
64,76,175,2,0.22,69.46
50,90,138,4,0.44,56.1824
78,100,116,3,0.25,83.22
62,87,151,4,0.15,72.268
31,76,125,2,0.39,34.05
43,74,87,4,0.2,48.568
48,99,72,4,0.39,51.5136
52,63,30,4,0.53,53.128
33,96,164,1,0.3,35.296
32,80,122,2,0.19,35.9528
79,86,103,2,0.22,82.2136
50,67,122,1,0.28,51.7568
31,79,59,3,0.48,32.8408
64,71,59,1,0.37,64.7434
58,83,39,5,0.6,59.56
33,58,75,4,0.43,36.42
61,69,96,5,0.3,67.72
62,98,96,4,0.28,67.5296
46,71,159,3,0.44,51.3424
73,89,71,1,0.18,74.1644
59,97,137,4,0.29,66.7816
72,82,66,1,0.19,73.0692
53,94,167,1,0.44,54.870400000000004
49,70,102,1,0.38,50.2648
45,95,75,4,0.31,49.14
68,94,120,1,0.16,70.016
42,61,72,4,0.41,45.3984
33,99,126,5,0.57,38.418
57,83,168,5,0.38,67.416
80,89,157,1,0.45,81.727
56,94,178,3,0.25,64.01
43,69,61,5,0.28,47.392
76,91,179,2,0.26,81.2984
37,53,78,4,0.54,39.870400000000004
72,92,58,5,0.13,77.046
39,46,146,1,0.44,40.6352
34,78,96,3,0.32,37.9168
48,62,108,4,0.27,54.3072
43,68,167,4,0.56,48.8784
52,99,174,4,0.22,62.857600000000005
36,97,37,3,0.18,37.8204
52,83,36,4,0.24,54.1888
77,86,123,2,0.19,80.9852
69,82,84,1,0.41,69.9912
50,57,154,5,0.28,57.0
33,62,150,5,0.32,43.2
33,60,135,4,0.34,40.128
39,94,47,1,0.43,39.5358
58,91,36,1,0.3,58.504
50,84,82,4,0.16,55.510400000000004
74,89,79,1,0.24,75.2008
30,95,100,5,0.28,37.2
58,93,69,2,0.41,59.6284
68,81,115,3,0.16,73.79599999999999
61,85,46,4,0.44,63.0608
64,82,124,2,0.36,67.1744
64,73,149,4,0.47,70.3176
30,82,105,4,0.42,34.872
61,92,34,3,0.49,62.0404
41,98,56,1,0.39,41.6832
46,77,95,1,0.24,47.444
60,88,153,1,0.15,62.601
52,61,125,5,0.17,61.0
40,47,161,3,0.41,45.6994
36,69,30,3,0.16,37.512
37,88,90,1,0.26,38.332
63,78,148,1,0.16,65.4864
52,93,52,4,0.32,54.8288
54,86,133,2,0.16,58.4688
31,41,90,1,0.28,32.296
51,74,151,4,0.51,56.919200000000004
36,57,159,3,0.26,43.0596
48,90,169,1,0.37,50.129400000000004
47,96,112,1,0.41,48.321600000000004
40,57,43,4,0.3,42.408
79,100,97,2,0.17,82.2204
75,83,40,1,0.14,75.688
77,84,104,3,0.26,81.6176
41,60,111,3,0.48,44.4632
75,87,35,5,0.29,77.485
69,96,96,2,0.39,71.3424
63,95,166,1,0.46,64.7928
62,98,82,1,0.31,63.1316
62,97,31,4,0.55,63.116
46,58,100,5,0.32,52.8
69,90,32,4,0.54,70.1776
78,88,105,4,0.36,83.376
70,100,82,5,0.11,77.298
80,93,80,3,0.53,82.256
63,94,136,5,0.17,74.288
48,95,60,4,0.14,52.128
40,93,68,3,0.14,43.5088
30,45,161,4,0.11,41.4632
71,89,62,1,0.4,71.744
74,93,73,4,0.23,78.49680000000001
74,84,71,5,0.36,78.544
34,81,44,3,0.16,36.2176
53,91,99,3,0.54,55.7324
38,64,135,2,0.59,40.214
78,96,136,1,0.59,79.1152
55,60,78,4,0.15,60.0
74,94,167,3,0.51,78.9098
46,76,52,3,0.21,48.4648
46,77,145,5,0.31,56.004999999999995
72,77,104,4,0.35,77.0
61,66,164,3,0.36,66.0
80,92,95,3,0.14,84.902
45,52,149,2,0.32,49.0528
59,66,52,4,0.25,62.12
53,68,74,3,0.21,56.507600000000004
48,67,128,3,0.25,53.76
60,73,131,1,0.45,61.441
43,62,46,2,0.48,43.9568
33,100,96,2,0.5,34.92
79,90,99,5,0.58,83.158
56,80,34,4,0.39,57.6592
43,79,141,2,0.21,47.455600000000004
67,74,75,1,0.47,67.795
33,96,68,2,0.54,34.2512
58,67,86,3,0.57,60.2188
78,86,50,3,0.39,79.83
78,91,179,5,0.12,91.0
75,81,91,3,0.16,79.5864
36,41,43,2,0.37,37.0836
60,86,73,3,0.51,62.1462
34,75,123,1,0.24,35.8696
42,74,179,5,0.36,53.456
62,76,58,3,0.12,65.0624
60,78,110,5,0.45,66.05
80,86,96,2,0.23,82.9568
69,99,152,3,0.58,72.8304
41,48,68,5,0.25,46.1
67,97,122,5,0.12,77.736
71,96,101,4,0.27,76.8984
77,99,48,5,0.32,80.264
64,85,133,1,0.11,66.3674
48,96,173,2,0.36,52.4288
37,56,45,1,0.35,37.585
80,100,45,3,0.3,81.89
63,96,38,1,0.13,63.6612
56,81,111,2,0.49,58.2644
49,99,178,2,0.46,52.8448
70,75,102,3,0.36,73.9168
50,83,146,3,0.46,54.7304
70,95,147,4,0.57,75.0568
64,74,113,2,0.47,66.3956
45,84,138,1,0.53,46.297200000000004
78,97,176,2,0.35,82.576
69,91,146,2,0.18,73.7888
35,78,87,2,0.59,36.4268
72,85,154,1,0.14,74.6488
67,99,154,3,0.11,75.2236
36,83,97,5,0.14,44.342
46,86,38,3,0.59,46.9348
32,69,143,3,0.45,36.719
73,96,118,4,0.16,80.9296
66,92,88,5,0.11,73.832
41,64,130,5,0.11,52.57
48,88,70,3,0.3,50.94
60,77,97,2,0.51,61.9012
30,40,107,1,0.14,31.8404
54,61,92,2,0.2,56.944
53,65,84,1,0.42,53.9744
58,92,105,1,0.12,59.848
63,89,135,4,0.56,67.752
42,69,123,4,0.47,47.2152
45,74,45,1,0.21,45.711
37,68,145,1,0.1,39.61
33,66,78,5,0.38,37.836
48,81,35,4,0.21,50.212
65,74,75,4,0.47,68.18
56,74,94,4,0.15,62.392
36,61,166,4,0.36,44.4992
74,88,117,1,0.12,76.0592
30,58,156,1,0.19,32.5272
45,52,42,1,0.58,45.3528
49,70,61,1,0.26,49.9028
51,94,162,1,0.59,52.3284
77,88,155,5,0.13,88.0
68,76,30,4,0.59,68.984
55,94,137,2,0.42,58.1784
74,99,64,4,0.51,76.5088
66,72,62,4,0.26,69.6704
70,96,97,2,0.39,72.3668
50,84,48,3,0.57,51.2384
72,83,140,3,0.48,76.368
51,77,88,3,0.36,54.3792
43,100,36,3,0.31,44.4904
80,90,120,2,0.22,83.744
78,99,143,1,0.47,79.5158
58,93,100,3,0.38,61.72
38,56,169,4,0.31,47.3288
41,58,153,3,0.27,47.7014
55,66,115,3,0.55,58.105
30,66,152,4,0.15,40.336
33,46,85,1,0.41,34.003
55,65,74,5,0.31,60.106
52,84,83,3,0.39,55.0378
30,96,166,1,0.14,32.8552
37,92,63,5,0.4,40.78
78,89,152,2,0.11,83.41120000000001
58,78,129,2,0.21,62.0764
47,55,71,5,0.17,52.893
52,84,61,2,0.4,53.464
70,96,41,1,0.19,70.6642
33,99,106,5,0.58,37.452
68,83,160,3,0.13,76.352
45,60,101,2,0.23,48.1108
53,100,95,3,0.16,57.788
34,41,95,4,0.31,39.244
31,79,115,4,0.51,35.508
39,45,101,5,0.11,45.0
36,45,135,2,0.27,39.942
45,74,149,4,0.12,55.4896
58,98,32,5,0.16,60.688
79,96,104,1,0.52,79.9984
44,58,90,5,0.44,49.04
72,89,138,3,0.2,78.624
53,67,156,3,0.28,59.7392
78,89,72,2,0.36,79.8432
76,95,45,5,0.54,78.07
43,87,151,3,0.58,46.8052
68,93,149,4,0.49,74.0792
70,88,135,5,0.14,81.61
63,89,113,4,0.28,69.50880000000001
63,93,148,1,0.15,65.516
39,79,116,1,0.12,41.0416
60,100,57,3,0.27,62.4966
46,75,106,1,0.33,47.4204
35,46,157,1,0.28,37.2608
63,89,88,5,0.38,68.456
78,100,41,2,0.49,78.8364
53,97,42,4,0.18,55.7552
34,79,72,4,0.31,37.9744
30,81,51,2,0.35,31.326
72,99,77,5,0.32,77.236
42,85,49,3,0.31,44.0286
79,84,87,4,0.24,84.0
73,83,68,1,0.36,73.8704
42,56,156,1,0.26,44.3088
64,88,157,2,0.35,68.082
36,97,113,5,0.27,44.249
69,74,162,5,0.59,74.0
57,98,126,1,0.37,58.5876
33,97,130,4,0.2,41.32
39,80,159,5,0.24,51.084
64,74,59,5,0.45,67.245
56,84,166,4,0.59,61.4448
54,89,157,4,0.24,63.5456
60,71,84,2,0.56,61.4784
64,75,154,2,0.16,69.1744
50,98,149,3,0.41,55.2746
76,85,144,4,0.19,85.0
48,82,156,5,0.24,59.856
71,95,104,1,0.23,72.6016
46,52,65,3,0.58,47.638
76,86,52,3,0.51,77.5288
38,76,157,4,0.51,44.1544
35,40,159,4,0.27,40.0
54,93,119,4,0.49,58.8552
66,95,113,5,0.18,75.266
49,95,74,2,0.4,50.776
67,99,80,1,0.52,67.768
62,76,116,2,0.1,66.176
31,84,37,1,0.43,31.4218
54,91,122,5,0.52,59.856
33,68,69,1,0.59,33.5658
37,46,63,3,0.51,38.8522
66,79,173,4,0.24,76.5184
49,88,100,1,0.27,50.46
53,96,51,4,0.37,55.5704
44,55,140,4,0.53,49.264
74,90,84,2,0.53,75.5792
64,95,125,4,0.56,68.4
39,72,75,3,0.41,41.655
69,96,152,4,0.3,77.512
